"name","subscriber_count"
"랄로","1240000"
"괴물쥐","1140000"
"PAKA","745000"
"삐야기","586000"
"전쓰트","557000"
"이석현","530000"
"핑맨","527000"
"블루위키","521000"
"한동숙","509000"
"모아요","454000"
"명훈","432000"
"코뚱잉","402000"
"꼬예유","351000"
"버니버니","349000"
"아빠킹","314000"
"냄새","272000"
"프로젝트롤","260000"
"죠니월드","248000"
"피닉스박","247000"
"신해조","242000"
"THIRD","241000"
"김용녀","220000"
"류제홍","219000"
"미남홀란드","183000"
"학살","183000"
"김데데","173000"
"헤이스트","155000"
"추털이","141000"
"이클리피아","141000"
"이재석","138000"
"정동글","132000"
"미야","126000"
"제갈병춘","122000"
"모양몬","98000"
"강인경","94600"
"링규링규링","87600"
"흐쟁이","68500"
"지보배","63600"
"인섹","62600"
"ATK","58700"
"소행성612","58600"
"도개","57600"
"막눈","47600"
"지명","37700"
"스틸로","36500"
"스나랑","35100"
"고수달","29000"
"종원TV","28700"
"순규박","25300"
"2수연","17700"
"윤가놈","14200"
"멀럭킹","9230"
"송사리","6540"
"꼴랑이","5310"
"돌카사","5300"
"또시","3920"
"른쿄","3120"
"후즈","1960"
"핑크자크","1400"
